{
  "timestamp": "2025-06-29T13:08:31.383Z",
  "worldDimensions": {
    "width": 55,
    "height": 41.25
  },
  "species": [
    {
      "id": "gpu_species_0",
      "name": "GPU Species 1",
      "pointCount": 7000,
      "params": {
        "mu_k": 8.449491152915066,
        "sigma_k": 0.9372452481244584,
        "w_k": 0.059749845207472604,
        "mu_g": 0.5740808358670612,
        "sigma_g": 0.3084323120653839,
        "c_rep": 1.8172877235044727,
        "kernel_k_type": 0,
        "kernel_g_type": 3
      },
      "color": "#00ff88"
    },
    {
      "id": "gpu_species_1",
      "name": "GPU Species 2",
      "pointCount": 7000,
      "params": {
        "mu_k": 1.670957303532064,
        "sigma_k": 2.2393598586907704,
        "w_k": 0.06253891686481072,
        "mu_g": 0.23693122841737546,
        "sigma_g": 0.3501920948022662,
        "c_rep": 1.9823291184079719,
        "kernel_k_type": 0,
        "kernel_g_type": 3
      },
      "color": "#4488ff"
    },
    {
      "id": "gpu_species_2",
      "name": "GPU Species 3",
      "pointCount": 7000,
      "params": {
        "mu_k": 6.878133058804905,
        "sigma_k": 1.7926482916100854,
        "w_k": 0.06978790233563315,
        "mu_g": 0.12321510714967482,
        "sigma_g": 0.15933780990764992,
        "c_rep": 0.6615509790328773,
        "kernel_k_type": 0,
        "kernel_g_type": 3
      },
      "color": "#ff4488"
    }
  ]
}