{
  "timestamp": "2025-06-29T20:00:38.026Z",
  "worldDimensions": {
    "width": 55,
    "height": 41.25
  },
  "species": [
    {
      "id": "gpu_species_0",
      "name": "GPU Species 1",
      "pointCount": 7000,
      "params": {
        "mu_k": 4.913694140948694,
        "sigma_k": 2.763594643975864,
        "w_k": 0.10277952772010975,
        "mu_g": 0.2939830974808608,
        "sigma_g": 0.3671821091639943,
        "c_rep": 1.7419024559734608,
        "kernel_k_type": 3,
        "kernel_g_type": 4
      },
      "color": "#00ff88"
    },
    {
      "id": "gpu_species_1",
      "name": "GPU Species 2",
      "pointCount": 7000,
      "params": {
        "mu_k": 2.8321434464209077,
        "sigma_k": 2.3429299397494665,
        "w_k": 0.10946620836661655,
        "mu_g": 0.7627140745764512,
        "sigma_g": 0.36758249640054014,
        "c_rep": 2.004240093577423,
        "kernel_k_type": 3,
        "kernel_g_type": 4
      },
      "color": "#4488ff"
    },
    {
      "id": "gpu_species_2",
      "name": "GPU Species 3",
      "pointCount": 7000,
      "params": {
        "mu_k": 3.907702203495278,
        "sigma_k": 0.7966614323757133,
        "w_k": 0.10323736688773576,
        "mu_g": 0.6687226617785479,
        "sigma_g": 0.045722287496385634,
        "c_rep": 0.3724218578143974,
        "kernel_k_type": 3,
        "kernel_g_type": 4
      },
      "color": "#ff4488"
    },
    {
      "id": "gpu_species_3",
      "name": "GPU Species 4",
      "pointCount": 7000,
      "params": {
        "mu_k": 7.658367876131226,
        "sigma_k": 0.5101925524515898,
        "w_k": 0.015401303098416173,
        "mu_g": 0.5973920417518509,
        "sigma_g": 0.19732320163062395,
        "c_rep": 2.2760242088507443,
        "kernel_k_type": 3,
        "kernel_g_type": 4
      },
      "color": "#ff8844"
    }
  ],
  "kernelSelections": {
    "kernel_k": "mexican_hat",
    "kernel_g": "sigmoid"
  }
}