{
  "timestamp": "2025-06-29T19:55:27.385Z",
  "worldDimensions": {
    "width": 55,
    "height": 41.25
  },
  "species": [
    {
      "id": "gpu_species_0",
      "name": "GPU Species 1",
      "pointCount": 7000,
      "params": {
        "mu_k": 3.9579815775272333,
        "sigma_k": 2.2582589974527876,
        "w_k": 0.08338479434527778,
        "mu_g": 0.15753327419944452,
        "sigma_g": 0.02880806934980963,
        "c_rep": 2.569054380049456,
        "kernel_k_type": 3,
        "kernel_g_type": 2
      },
      "color": "#00ff88"
    },
    {
      "id": "gpu_species_1",
      "name": "GPU Species 2",
      "pointCount": 7000,
      "params": {
        "mu_k": 4.7117273025706785,
        "sigma_k": 2.028166528057957,
        "w_k": 0.016750362730166647,
        "mu_g": 0.2615956986846987,
        "sigma_g": 0.22737081773627482,
        "c_rep": 1.849479392507281,
        "kernel_k_type": 3,
        "kernel_g_type": 2
      },
      "color": "#4488ff"
    },
    {
      "id": "gpu_species_2",
      "name": "GPU Species 3",
      "pointCount": 7000,
      "params": {
        "mu_k": 8.023689034789065,
        "sigma_k": 0.7397614530311543,
        "w_k": 0.10267124913066003,
        "mu_g": 0.43326240366790636,
        "sigma_g": 0.09268669375135696,
        "c_rep": 2.4562582222574663,
        "kernel_k_type": 3,
        "kernel_g_type": 2
      },
      "color": "#ff4488"
    },
    {
      "id": "gpu_species_3",
      "name": "GPU Species 4",
      "pointCount": 7000,
      "params": {
        "mu_k": 7.6799240561412905,
        "sigma_k": 2.005342543404397,
        "w_k": 0.06828182001478965,
        "mu_g": 0.2990113387365232,
        "sigma_g": 0.11264440298370265,
        "c_rep": 0.8701215543500489,
        "kernel_k_type": 3,
        "kernel_g_type": 2
      },
      "color": "#ff8844"
    }
  ],
  "kernelSelections": {
    "kernel_k": "mexican_hat",
    "kernel_g": "polynomial"
  }
}