{
  "timestamp": "2025-06-29T13:27:48.341Z",
  "worldDimensions": {
    "width": 55,
    "height": 41.25
  },
  "species": [
    {
      "id": "gpu_species_0",
      "name": "GPU Species 1",
      "pointCount": 7000,
      "params": {
        "mu_k": 6.125939971697305,
        "sigma_k": 2.9352218663067715,
        "w_k": 0.03500041827800735,
        "mu_g": 0.21796784879456138,
        "sigma_g": 0.3460113759191929,
        "c_rep": 1.5025212219537551,
        "kernel_k_type": 1,
        "kernel_g_type": 3
      },
      "color": "#00ff88"
    },
    {
      "id": "gpu_species_1",
      "name": "GPU Species 2",
      "pointCount": 7000,
      "params": {
        "mu_k": 5.186537109318086,
        "sigma_k": 1.6444448949397985,
        "w_k": 0.05827826256356922,
        "mu_g": 0.3751915286831513,
        "sigma_g": 0.2574463045559004,
        "c_rep": 2.2473736498871903,
        "kernel_k_type": 1,
        "kernel_g_type": 3
      },
      "color": "#4488ff"
    },
    {
      "id": "gpu_species_2",
      "name": "GPU Species 3",
      "pointCount": 7000,
      "params": {
        "mu_k": 8.841236962964249,
        "sigma_k": 2.8331896447621725,
        "w_k": 0.08961773985235125,
        "mu_g": 0.24563708106985827,
        "sigma_g": 0.10078101004866538,
        "c_rep": 2.4299551905428984,
        "kernel_k_type": 1,
        "kernel_g_type": 3
      },
      "color": "#ff4488"
    }
  ],
  "kernelSelections": {
    "kernel_k": "exponential",
    "kernel_g": "mexican_hat"
  }
}