{
  "timestamp": "2025-06-29T13:11:56.181Z",
  "worldDimensions": {
    "width": 55,
    "height": 41.25
  },
  "species": [
    {
      "id": "gpu_species_0",
      "name": "GPU Species 1",
      "pointCount": 25000,
      "params": {
        "mu_k": 4.09267679242414,
        "sigma_k": 2.651979429030307,
        "w_k": 0.08055199341287454,
        "mu_g": 0.8061116762076129,
        "sigma_g": 0.3685539968536389,
        "c_rep": 2.1025768820020487,
        "kernel_k_type": 3,
        "kernel_g_type": 3
      },
      "color": "#00ff88"
    }
  ]
}