{
  "timestamp": "2025-06-29T19:58:42.894Z",
  "worldDimensions": {
    "width": 55,
    "height": 41.25
  },
  "species": [
    {
      "id": "gpu_species_0",
      "name": "GPU Species 1",
      "pointCount": 7000,
      "params": {
        "mu_k": 1.692036876713665,
        "sigma_k": 2.3306676971267946,
        "w_k": 0.05220933686536363,
        "mu_g": 0.6866515557713041,
        "sigma_g": 0.2867875494814891,
        "c_rep": 1.891419317949095,
        "kernel_k_type": 3,
        "kernel_g_type": 4
      },
      "color": "#00ff88"
    },
    {
      "id": "gpu_species_1",
      "name": "GPU Species 2",
      "pointCount": 7000,
      "params": {
        "mu_k": 8.090098103949737,
        "sigma_k": 2.1623126652724625,
        "w_k": 0.026075015294927287,
        "mu_g": 0.11545892337560248,
        "sigma_g": 0.3205774817960539,
        "c_rep": 1.5283122179383908,
        "kernel_k_type": 3,
        "kernel_g_type": 4
      },
      "color": "#4488ff"
    },
    {
      "id": "gpu_species_2",
      "name": "GPU Species 3",
      "pointCount": 7000,
      "params": {
        "mu_k": 4.2136896381910365,
        "sigma_k": 1.0842067028878433,
        "w_k": 0.024091694939377774,
        "mu_g": 0.8523262573289168,
        "sigma_g": 0.3717277766985882,
        "c_rep": 1.918436230939264,
        "kernel_k_type": 3,
        "kernel_g_type": 4
      },
      "color": "#ff4488"
    },
    {
      "id": "gpu_species_3",
      "name": "GPU Species 4",
      "pointCount": 7000,
      "params": {
        "mu_k": 7.2085502308447085,
        "sigma_k": 3.175093820896958,
        "w_k": 0.05284304395617782,
        "mu_g": 0.176484347773022,
        "sigma_g": 0.11813498496149771,
        "c_rep": 2.258042778899976,
        "kernel_k_type": 3,
        "kernel_g_type": 4
      },
      "color": "#ff8844"
    }
  ],
  "kernelSelections": {
    "kernel_k": "mexican_hat",
    "kernel_g": "sigmoid"
  }
}