{
  "timestamp": "2025-06-29T20:23:00.725Z",
  "worldDimensions": {
    "width": 55,
    "height": 41.25
  },
  "species": [
    {
      "id": "gpu_species_0",
      "name": "GPU Species 1",
      "pointCount": 7000,
      "params": {
        "mu_k": 5.4180236796405,
        "sigma_k": 1.6817627856557085,
        "w_k": 0.0740656456506033,
        "mu_g": 0.5540081487717171,
        "sigma_g": 0.35895824275211713,
        "c_rep": 1.682122982718981,
        "kernel_k_type": 0,
        "kernel_g_type": 4
      },
      "color": "#00ff88"
    },
    {
      "id": "gpu_species_1",
      "name": "GPU Species 2",
      "pointCount": 7000,
      "params": {
        "mu_k": 8.233688903803401,
        "sigma_k": 0.4292611177755206,
        "w_k": 0.0991389281438316,
        "mu_g": 0.8381209580090568,
        "sigma_g": 0.13504392617062486,
        "c_rep": 1.4277997300190333,
        "kernel_k_type": 0,
        "kernel_g_type": 4
      },
      "color": "#4488ff"
    },
    {
      "id": "gpu_species_2",
      "name": "GPU Species 3",
      "pointCount": 7000,
      "params": {
        "mu_k": 5.252128844799427,
        "sigma_k": 1.0235073383624989,
        "w_k": 0.11053108987195072,
        "mu_g": 0.7658891150526871,
        "sigma_g": 0.14762640592387216,
        "c_rep": 1.07972971151806,
        "kernel_k_type": 0,
        "kernel_g_type": 4
      },
      "color": "#ff4488"
    },
    {
      "id": "gpu_species_3",
      "name": "GPU Species 4",
      "pointCount": 7000,
      "params": {
        "mu_k": 2.770775105155579,
        "sigma_k": 2.8427290518982797,
        "w_k": 0.02145534393577917,
        "mu_g": 0.25285739394012974,
        "sigma_g": 0.05387516134674984,
        "c_rep": 0.8136646485831736,
        "kernel_k_type": 0,
        "kernel_g_type": 4
      },
      "color": "#ff8844"
    }
  ],
  "kernelSelections": {
    "kernel_k": "gaussian",
    "kernel_g": "sigmoid"
  }
}