{
  "timestamp": "2025-06-29T20:00:58.823Z",
  "worldDimensions": {
    "width": 55,
    "height": 41.25
  },
  "species": [
    {
      "id": "gpu_species_0",
      "name": "GPU Species 1",
      "pointCount": 7000,
      "params": {
        "mu_k": 8.703036825860824,
        "sigma_k": 3.0458452517705275,
        "w_k": 0.10663064191544161,
        "mu_g": 0.21256456899399476,
        "sigma_g": 0.23164868921678894,
        "c_rep": 1.2055695039005088,
        "kernel_k_type": 3,
        "kernel_g_type": 4
      },
      "color": "#00ff88"
    },
    {
      "id": "gpu_species_1",
      "name": "GPU Species 2",
      "pointCount": 7000,
      "params": {
        "mu_k": 8.84185733745197,
        "sigma_k": 2.7372635594314545,
        "w_k": 0.11040354475481264,
        "mu_g": 0.7211100573163324,
        "sigma_g": 0.09975989137088165,
        "c_rep": 2.543015991725221,
        "kernel_k_type": 3,
        "kernel_g_type": 4
      },
      "color": "#4488ff"
    },
    {
      "id": "gpu_species_2",
      "name": "GPU Species 3",
      "pointCount": 7000,
      "params": {
        "mu_k": 7.953805650504803,
        "sigma_k": 2.3857404450049544,
        "w_k": 0.032396530720521365,
        "mu_g": 0.11195359347247749,
        "sigma_g": 0.04603336749929951,
        "c_rep": 0.6326426086455186,
        "kernel_k_type": 3,
        "kernel_g_type": 4
      },
      "color": "#ff4488"
    },
    {
      "id": "gpu_species_3",
      "name": "GPU Species 4",
      "pointCount": 7000,
      "params": {
        "mu_k": 2.2579607752433626,
        "sigma_k": 1.4790869952489458,
        "w_k": 0.10716166030185938,
        "mu_g": 0.6165240353410569,
        "sigma_g": 0.16655723299724715,
        "c_rep": 1.1549313358325495,
        "kernel_k_type": 3,
        "kernel_g_type": 4
      },
      "color": "#ff8844"
    }
  ],
  "kernelSelections": {
    "kernel_k": "mexican_hat",
    "kernel_g": "sigmoid"
  }
}